<?xml version="1.0" encoding="utf-8"?>
<extension 
	version="1.7" 
	type="plugin" 
	group="system"
	method="upgrade">
	<name>System - Tigra Framework</name>
	<author>eucso.info</author>
	<creationDate>Dec 2011</creationDate>
	<copyright>Copyright (C) 2011 Tigra. All rights reserved.</copyright>
	<license>license GNU/GPLv2 http://www.gnu.org/licenses/gpl-2.0.html</license>
	<authorEmail>info@eucso.com</authorEmail>
	<authorUrl>tigra.eucso.info</authorUrl>
	<version>1.7.0</version>
	<description>Tigra Framework - for Joomla 2.5</description>
	<files>
		<filename plugin="tigra">tigra.php</filename>
		<filename plugin="tigra">index.html</filename>
		<folder plugin="tigra">core</folder>
		<folder plugin="tigra">css</folder>
		<folder plugin="tigra">js</folder>
		<folder plugin="tigra">elements</folder>
		<folder plugin="tigra">features</folder>
		<folder plugin="tigra">layout</folder>
	</files>
	<fieldset addfieldpath="/plugins/system/tigra/elements"></fieldset>
</extension>
